Name,Keywords,Length,ID,Group
"kplr001026294","dSct",4767,1,3
"kplr001164109","rot",4767,2,6
"kplr001295531","gDor",4767,3,4
"kplr001434660","dSct",4767,4,3
"kplr001435836","rot",4767,5,6
"kplr001577912","dSct",4767,6,3
"kplr001718594","dSct",4767,7,3
"kplr001864603","nonvar",4767,8,5
"kplr001870849","dSct",4767,9,3
"kplr001996456","gDor",4767,10,4
"kplr009777062","detached",4767,1001,2
"kplr009778451","nonvar",4767,1002,5
"kplr009778742","gDor",4767,1003,4
"kplr009784371","contact",4767,1004,1
"kplr009788612","dSct",4767,1005,3
"kplr009812351","dSct",4767,1006,3
"kplr009818269","dSct",4767,1007,3
"kplr009823652","dSct",4767,1008,3
"kplr009832497","dSct",4767,1009,3
"kplr009833354","nonvar",4767,1010,5
"kplr003650057","dSct",4767,101,3
"kplr003650111","rot",4767,102,6
"kplr003653914","nonvar",4767,103,5
"kplr003655115","dSct",4767,104,3
"kplr003656913","rot",4767,105,6
"kplr003660828","dSct",4767,106,3
"kplr003731292","dSct",4767,107,3
"kplr003733346","RRLyr",4767,108,7
"kplr003744571","gDor",4767,109,4
"kplr003747889","nonvar",4767,110,5
"kplr009836020","dSct",4767,1011,3
"kplr009839547","gDor",4767,1012,4
"kplr009840412","contact",4767,1013,1
"kplr009842860","gDor",4767,1014,4
"kplr009843451","contact",4767,1015,1
"kplr009844510","gDor",4767,1016,4
"kplr009845573","dSct",4767,1017,3
"kplr009847134","rot",4767,1018,6
"kplr009848190","contact",4767,1019,1
"kplr009850387","detached",4767,1020,2
"kplr009851142","detached",4767,1021,2
"kplr009851822","dSct",4767,1022,3
"kplr009892699","rot",4767,1023,6
"kplr009895543","dSct",4767,1024,3
"kplr009896743","gDor",4767,1025,4
"kplr009897089","dSct",4767,1026,3
"kplr009898364","detached",4767,1027,2
"kplr009898401","contact",4767,1028,1
"kplr009907383","gDor",4767,1029,4
"kplr009909300","gDor",4767,1030,4
"kplr009913481","detached",4767,1031,2
"kplr009913819","dSct",4767,1032,3
"kplr009942268","nonvar",4767,1033,5
"kplr009947026","RRLyr",4767,1034,7
"kplr009956124","contact",4767,1035,1
"kplr009957235","rot",4767,1036,6
"kplr009959245","nonvar",4767,1037,5
"kplr009962653","gDor",4767,1038,4
"kplr009962903","nonvar",4767,1039,5
"kplr009965715","nonvar",4767,1040,5
"kplr009967183","gDor",4767,1041,4
"kplr009970937","contact",4767,1042,1
"kplr009993295","rot",4767,1043,6
"kplr010002543","nonvar",4767,1044,5
"kplr010007533","contact",4767,1045,1
"kplr010015580","nonvar",4767,1046,5
"kplr010015787","nonvar",4767,1047,5
"kplr010027844","nonvar",4767,1048,5
"kplr010028433","gDor",4767,1049,4
"kplr010030943","contact",4767,1050,1
"kplr010034227","dSct",4767,1051,3
"kplr010056931","dSct",4767,1052,3
"kplr010067144","nonvar",4767,1053,5
"kplr010069546","rot",4767,1054,6
"kplr010069934","gDor",4767,1055,4
"kplr010083442","gDor",4767,1056,4
"kplr010093607","gDor",4767,1057,4
"kplr010095496","dSct",4767,1058,3
"kplr010097397","rot",4767,1059,6
"kplr010134800","dSct",4767,1060,3
"kplr010135584","contact",4767,1061,1
"kplr010147217","dSct",4767,1062,3
"kplr010154141","nonvar",4767,1063,5
"kplr010156064","detached",4767,1064,2
"kplr010157520","nonvar",4767,1065,5
"kplr010158272","nonvar",4767,1066,5
"kplr010165570","nonvar",4767,1067,5
"kplr010185622","nonvar",4767,1068,5
"kplr010196398","nonvar",4767,1069,5
"kplr010196863","dSct",4767,1070,3
"kplr010201303","rot",4767,1071,6
"kplr010207304","nonvar",4767,1072,5
"kplr010207574","rot",4767,1073,6
"kplr010207957","gDor",4767,1074,4
"kplr010213390","rot",4767,1075,6
"kplr010224094","gDor",4767,1076,4
"kplr010226083","dSct",4767,1077,3
"kplr010228157","rot",4767,1078,6
"kplr010228240","contact",4767,1079,1
"kplr010228942","detached",4767,1080,2
"kplr010253943","dSct",4767,1081,3
"kplr010256787","gDor",4767,1082,4
"kplr010259530","contact",4767,1083,1
"kplr010266488","rot",4767,1084,6
"kplr010267044","contact",4767,1085,1
"kplr010275197","contact",4767,1086,1
"kplr010279641","rot",4767,1087,6
"kplr010287499","nonvar",4767,1088,5
"kplr010287874","gDor",4767,1089,4
"kplr010289211","dSct",4767,1090,3
"kplr010291683","contact",4767,1091,1
"kplr010295951","detached",4767,1092,2
"kplr010296406","rot",4767,1093,6
"kplr010297233","dSct",4767,1094,3
"kplr010337116","rot",4767,1095,6
"kplr010345939","gDor",4767,1096,4
"kplr010346511","rot",4767,1097,6
"kplr010385841","nonvar",4767,1098,5
"kplr010394576","nonvar",4767,1099,5
"kplr010398450","gDor",4767,1100,4
"kplr002020444","gDor",4767,11,4
"kplr002021060","gDor",4767,12,4
"kplr002141387","gDor",4767,13,4
"kplr002156425","nonvar",4767,14,5
"kplr002156581","nonvar",4767,15,5
"kplr002158238","nonvar",4767,16,5
"kplr002159852","gDor",4767,17,4
"kplr002168420","dSct",4767,18,3
"kplr002300529","dSct",4767,19,3
"kplr002300603","dSct",4767,20,3
"kplr010414704","nonvar",4767,1101,5
"kplr010417986","dSct",4767,1102,3
"kplr010418421","rot",4767,1103,6
"kplr010448764","dSct",4767,1104,3
"kplr010467146","gDor",4767,1105,4
"kplr010468794","nonvar",4767,1106,5
"kplr010471601","nonvar",4767,1107,5
"kplr010480582","nonvar",4767,1108,5
"kplr010481912","contact",4767,1109,1
"kplr010484817","dSct",4767,1110,3
"kplr003748115","nonvar",4767,111,5
"kplr003748748","gDor",4767,112,4
"kplr003761641","dSct",4767,113,3
"kplr003765708","contact",4767,114,1
"kplr003836439","detached",4767,115,2
"kplr003848042","contact",4767,116,1
"kplr003849354","dSct",4767,117,3
"kplr003850810","dSct",4767,118,3
"kplr003852644","dSct",4767,119,3
"kplr003852667","rot",4767,120,6
"kplr010486425","detached",4767,1111,2
"kplr010487396","nonvar",4767,1112,5
"kplr010489783","dSct",4767,1113,3
"kplr010519694","nonvar",4766,1114,5
"kplr010532771","dSct",4767,1115,3
"kplr010537528","dSct",4767,1116,3
"kplr010546400","nonvar",4767,1117,5
"kplr010549023","rot",4767,1118,6
"kplr010549292","dSct",4767,1119,3
"kplr010549576","detached",4767,1120,2
"kplr010556068","contact",4767,1121,1
"kplr010586045","dSct",4767,1122,3
"kplr010596883","contact",4767,1123,1
"kplr010600540","dSct",4767,1124,3
"kplr010602324","rot",4767,1125,6
"kplr010604429","dSct",4765,1126,3
"kplr010609641","dSct",4767,1127,3
"kplr010614359","nonvar",4767,1128,5
"kplr010615125","dSct",4767,1129,3
"kplr010618095","nonvar",4767,1130,5
"kplr010619506","contact",4767,1131,1
"kplr010658802","dSct",4767,1132,3
"kplr010659654","dSct",4767,1133,3
"kplr010669264","nonvar",4767,1134,5
"kplr010669944","rot",4767,1135,6
"kplr010676246","gDor",4767,1136,4
"kplr010678849","nonvar",4767,1137,5
"kplr010679607","gDor",4767,1138,4
"kplr010686752","dSct",4767,1139,3
"kplr010686876","detached",4767,1140,2
"kplr010727717","dSct",4767,1141,3
"kplr010729645","dSct",4767,1142,3
"kplr010730838","rot",4767,1143,6
"kplr010732243","rot",4767,1144,6
"kplr010732638","dSct",4766,1145,3
"kplr010741920","dSct",4767,1146,3
"kplr010745065","nonvar",4767,1147,5
"kplr010747093","gDor",4767,1148,4
"kplr010751359","nonvar",4767,1149,5
"kplr010777903","dSct",4767,1150,3
"kplr010779831","nonvar",4767,1151,5
"kplr010788451","dSct",4767,1152,3
"kplr010789273","RRLyr",4767,1153,7
"kplr010797126","contact",4767,1154,1
"kplr010801714","dSct",4767,1155,3
"kplr010812657","gDor",4767,1156,4
"kplr010818266","gDor",4767,1157,4
"kplr010818544","contact",4767,1158,1
"kplr010851035","gDor",4767,1159,4
"kplr010853783","dSct",4767,1160,3
"kplr010855535","contact",4767,1161,1
"kplr010861842","contact",4767,1162,1
"kplr010864265","nonvar",4767,1163,5
"kplr010905824","contact",4767,1164,1
"kplr010909274","detached",4767,1165,2
"kplr010916675","contact",4767,1166,1
"kplr010927319","rot",4767,1167,6
"kplr010931800","gDor",4767,1168,4
"kplr010933083","rot",4767,1169,6
"kplr010933861","gDor",4767,1170,4
"kplr010973576","nonvar",4767,1171,5
"kplr010974303","nonvar",4767,1172,5
"kplr010978144","nonvar",4767,1173,5
"kplr010979300","nonvar",4767,1174,5
"kplr010979669","contact",4767,1175,1
"kplr010987439","detached",4767,1176,2
"kplr010990452","dSct",4767,1177,3
"kplr010991769","contact",4767,1178,1
"kplr011026045","dSct",4767,1179,3
"kplr011026436","nonvar",4767,1180,5
"kplr011031719","nonvar",4767,1181,5
"kplr011031728","nonvar",4767,1182,5
"kplr011032274","rot",4767,1183,6
"kplr011032600","gDor",4767,1184,4
"kplr011036440","dSct",4767,1185,3
"kplr011037105","rot",4767,1186,6
"kplr011037566","rot",4767,1187,6
"kplr011042923","contact",4767,1188,1
"kplr011044384","dSct",4767,1189,3
"kplr011044547","dSct",4767,1190,3
"kplr011071207","detached",4767,1191,2
"kplr011071635","rot",4767,1192,6
"kplr011081053","gDor",4767,1193,4
"kplr011084782","contact",4767,1194,1
"kplr011092638","gDor",4767,1195,4
"kplr011097678","contact",4767,1196,1
"kplr011098975","rot",4767,1197,6
"kplr011099351","detached",4767,1198,2
"kplr011100522","dSct",4767,1199,3
"kplr011136335","rot",4767,1200,6
"kplr011139816","rot",4767,1201,6
"kplr011144556","contact",4767,1202,1
"kplr011152649","dSct",4767,1203,3
"kplr011175316","dSct",4767,1204,3
"kplr011183259","dSct",4767,1205,3
"kplr011191210","rot",4767,1206,6
"kplr011194055","gDor",4767,1207,4
"kplr011196370","gDor",4767,1208,4
"kplr011198914","nonvar",4767,1209,5
"kplr011204904","nonvar",4767,1210,5
"kplr003861094","gDor",4767,121,4
"kplr003861139","dSct",4767,122,3
"kplr003862244","dSct",4767,123,3
"kplr003864417","dSct",4767,124,3
"kplr003864443","RRLyr",4767,125,7
"kplr003866709","RRLyr",4767,126,7
"kplr003866714","gDor",4767,127,4
"kplr003867256","dSct",4767,128,3
"kplr003867593","detached",4767,129,2
"kplr003868420","RRLyr",4767,130,7
"kplr011240612","nonvar",4767,1211,5
"kplr011247355","rot",4767,1212,6
"kplr011247386","contact",4767,1213,1
"kplr011251780","rot",4767,1214,6
"kplr011252636","nonvar",4767,1215,5
"kplr011255667","contact",4767,1216,1
"kplr011284227","contact",4767,1217,1
"kplr011285625","detached",4767,1218,2
"kplr011295347","contact",4767,1219,1
"kplr011296045","rot",4767,1220,6
"kplr011302627","dSct",4767,1221,3
"kplr011303352","rot",4767,1222,6
"kplr011303526","contact",4767,1223,1
"kplr011309335","dSct",4767,1224,3
"kplr011338865","contact",4767,1225,1
"kplr011347657","nonvar",4767,1226,5
"kplr011401284","rot",4767,1227,6
"kplr011402381","contact",4767,1228,1
"kplr011402528","nonvar",4767,1229,5
"kplr011404758","contact",4767,1230,1
"kplr011409673","rot",4767,1231,6
"kplr011409698","detached",4767,1232,2
"kplr011410485","contact",4767,1233,1
"kplr011411013","rot",4767,1234,6
"kplr011411624","rot",4767,1235,6
"kplr011415556","dSct",4767,1236,3
"kplr011441652","gDor",4767,1237,4
"kplr011447606","rot",4767,1238,6
"kplr011447953","contact",4767,1239,1
"kplr011454593","gDor",4767,1240,4
"kplr011457726","rot",4767,1241,6
"kplr011464245","dSct",4767,1242,3
"kplr011495781","contact",4767,1243,1
"kplr011508587","gDor",4767,1244,4
"kplr011509282","contact",4767,1245,1
"kplr011513155","dSct",4767,1246,3
"kplr011515292","contact",4767,1247,1
"kplr011520310","gDor",4767,1248,4
"kplr011559655","nonvar",4767,1249,5
"kplr011566601","nonvar",4767,1250,5
"kplr011571409","gDor",4767,1251,4
"kplr011572046","dSct",4767,1252,3
"kplr011572490","nonvar",4767,1253,5
"kplr011572666","dSct",4767,1254,3
"kplr011612091","contact",4767,1255,1
"kplr011619202","dSct",4767,1256,3
"kplr011620172","rot",4767,1257,6
"kplr011622303","nonvar",4767,1258,5
"kplr011650071","nonvar",4767,1259,5
"kplr011656928","rot",4767,1260,6
"kplr011666104","dSct",4765,1261,3
"kplr011668783","gDor",4767,1262,4
"kplr011710462","dSct",4767,1263,3
"kplr011717240","dSct",4767,1264,3
"kplr011721304","gDor",4767,1265,4
"kplr011723372","nonvar",4767,1266,5
"kplr011770077","nonvar",4767,1267,5
"kplr011770258","dSct",4767,1268,3
"kplr011772543","rot",4767,1269,6
"kplr011775251","gDor",4767,1270,4
"kplr011775354","dSct",4767,1271,3
"kplr011802860","RRLyr",4767,1272,7
"kplr011809179","dSct",4767,1273,3
"kplr011817750","detached",4767,1274,2
"kplr011819079","gDor",4767,1275,4
"kplr011823661","dSct",4767,1276,3
"kplr011825204","contact",4767,1277,1
"kplr011826400","detached",4767,1278,2
"kplr011854129","rot",4767,1279,6
"kplr011858293","dSct",4767,1280,3
"kplr011861260","gDor",4767,1281,4
"kplr011872848","dSct",4767,1282,3
"kplr011874676","dSct",4767,1283,3
"kplr011874898","gDor",4767,1284,4
"kplr011875706","contact",4767,1285,1
"kplr011907454","gDor",4767,1286,4
"kplr011909497","dSct",4767,1287,3
"kplr011910642","dSct",4767,1288,3
"kplr011913071","detached",4767,1289,2
"kplr011913365","nonvar",4767,1290,5
"kplr011920505","gDor",4767,1291,4
"kplr011920541","rot",4767,1292,6
"kplr011923784","gDor",4767,1293,4
"kplr011923819","detached",4767,1294,2
"kplr011924025","dSct",4767,1295,3
"kplr011924311","contact",4767,1296,1
"kplr011958537","nonvar",4767,1297,5
"kplr011963007","rot",4767,1298,6
"kplr011967004","detached",4766,1299,2
"kplr011973921","nonvar",4767,1300,5
"kplr012007057","rot",4767,1301,6
"kplr012016304","contact",4767,1302,1
"kplr012016662","rot",4767,1303,6
"kplr012017894","gDor",4767,1304,4
"kplr012018834","gDor",4767,1305,4
"kplr012020590","dSct",4767,1306,3
"kplr012022967","nonvar",4767,1307,5
"kplr012023037","rot",4767,1308,6
"kplr012053823","nonvar",4767,1309,5
"kplr012055014","contact",4767,1310,1
"kplr003869698","nonvar",4767,131,5
"kplr003941283","dSct",4767,132,3
"kplr003958488","contact",4767,133,1
"kplr003966357","gDor",4767,134,4
"kplr003968961","dSct",4767,135,3
"kplr003969362","contact",4767,136,1
"kplr003969800","dSct",4767,137,3
"kplr003972229","rot",4767,138,6
"kplr003972467","gDor",4767,139,4
"kplr004048494","dSct",4767,140,3
"kplr012059158","contact",4767,1311,1
"kplr012066279","nonvar",4767,1312,5
"kplr012066630","contact",4767,1313,1
"kplr012067065","nonvar",4767,1314,5
"kplr012073334","dSct",4767,1315,3
"kplr012104951","rot",4767,1316,6
"kplr012105259","gDor",4767,1317,4
"kplr012105278","gDor",4767,1318,4
"kplr012115732","rot",4767,1319,6
"kplr012116955","rot",4767,1320,6
"kplr012119305","nonvar",4767,1321,5
"kplr012121099","nonvar",4767,1322,5
"kplr012155928","RRLyr",4767,1323,7
"kplr012159612","rot",4767,1324,6
"kplr012159760","rot",4767,1325,6
"kplr012164634","detached",4767,1326,2
"kplr012167361","detached",4767,1327,2
"kplr012169946","nonvar",4767,1328,5
"kplr012206826","rot",4767,1329,6
"kplr012214946","nonvar",4767,1330,5
"kplr012217278","rot",4767,1331,6
"kplr012267718","contact",4767,1332,1
"kplr012365420","dSct",4767,1333,3
"kplr012402266","rot",4767,1334,6
"kplr012405950","detached",4767,1335,2
"kplr012454937","rot",4767,1336,6
"kplr012508348","contact",4767,1337,1
"kplr012554324","nonvar",4767,1338,5
"kplr012643786","gDor",4767,1339,4
"kplr012736056","dSct",4767,1340,3
"kplr012934846","gDor",4767,1341,4
"kplr004050047","gDor",4767,141,4
"kplr004055765","detached",4767,142,2
"kplr004058206","gDor",4767,143,4
"kplr004064484","RRLyr",4767,144,7
"kplr004066202","rot",4767,145,6
"kplr004069871","nonvar",4767,146,5
"kplr004076350","gDor",4767,147,4
"kplr004077678","gDor",4767,148,4
"kplr004138848","dSct",4767,149,3
"kplr004141670","dSct",4767,150,3
"kplr004144236","detached",4767,151,2
"kplr004145040","rot",4767,152,6
"kplr004169521","contact",4767,153,1
"kplr004171580","dSct",4767,154,3
"kplr004174472","dSct",4767,155,3
"kplr004179606","rot",4767,156,6
"kplr004243461","dSct",4767,157,3
"kplr004243984","dSct",4767,158,3
"kplr004252757","dSct",4767,159,3
"kplr004254741","dSct",4767,160,3
"kplr004263127","dSct",4767,161,3
"kplr004269712","nonvar",4767,162,5
"kplr004270042","nonvar",4767,163,5
"kplr004271930","dSct",4767,164,3
"kplr004273411","contact",4767,165,1
"kplr004276164","rot",4767,166,6
"kplr004278083","gDor",4767,167,4
"kplr004285040","gDor",4767,168,4
"kplr004366913","dSct",4767,169,3
"kplr004370855","gDor",4767,170,4
"kplr004371764","nonvar",4767,171,5
"kplr004380307","nonvar",4767,172,5
"kplr004381221","dSct",4767,173,3
"kplr004381649","dSct",4767,174,3
"kplr004383117","dSct",4767,175,3
"kplr004383955","dSct",4767,176,3
"kplr004386091","dSct",4767,177,3
"kplr004446044","rot",4767,178,6
"kplr004447461","dSct",4767,179,3
"kplr004448157","gDor",4767,180,4
"kplr004451148","contact",4767,181,1
"kplr004457620","rot",4767,182,6
"kplr004458172","dSct",4767,183,3
"kplr004458989","contact",4767,184,1
"kplr004481004","gDor",4767,185,4
"kplr004483943","gDor",4767,186,4
"kplr004484128","RRLyr",4767,187,7
"kplr004484271","dSct",4767,188,3
"kplr004488796","dSct",4767,189,3
"kplr004544587","detached",4767,190,2
"kplr004547308","contact",4767,191,1
"kplr004547348","gDor",4767,192,4
"kplr004550750","contact",4767,193,1
"kplr004555535","rot",4767,194,6
"kplr004566474","gDor",4767,195,4
"kplr004566498","gDor",4767,196,4
"kplr004575908","dSct",4766,197,3
"kplr004580484","dSct",4767,198,3
"kplr004638879","rot",4767,199,6
"kplr004641555","dSct",4767,200,3
"kplr004649476","dSct",4767,201,3
"kplr004650563","gDor",4767,202,4
"kplr004650733","nonvar",4767,203,5
"kplr004661223","gDor",4767,204,4
"kplr004661660","dSct",4767,205,3
"kplr004662336","dSct",4767,206,3
"kplr004668779","nonvar",4767,207,5
"kplr004672176","gDor",4767,208,4
"kplr004737302","detached",4767,209,2
"kplr004737720","dSct",4767,210,3
"kplr002303365","dSct",4767,21,3
"kplr002310284","gDor",4767,22,4
"kplr002442118","nonvar",4767,23,5
"kplr002450566","contact",4767,24,1
"kplr002452697","nonvar",4767,25,5
"kplr002453212","contact",4767,26,1
"kplr002554867","dSct",4767,27,3
"kplr002556505","nonvar",4767,28,5
"kplr002569516","nonvar",4767,29,5
"kplr002570760","dSct",4767,30,3
"kplr004740676","detached",4767,211,2
"kplr004755231","nonvar",4767,212,5
"kplr004755510","gDor",4767,213,4
"kplr004756040","dSct",4767,214,3
"kplr004756716","rot",4767,215,6
"kplr004758316","gDor",4767,216,4
"kplr004761183","gDor",4767,217,4
"kplr004762887","contact",4767,218,1
"kplr004763381","dSct",4767,219,3
"kplr004824942","rot",4767,220,6
"kplr004846809","gDor",4767,221,4
"kplr004847371","dSct",4765,222,3
"kplr004848216","dSct",4767,223,3
"kplr004850874","contact",4767,224,1
"kplr004852825","nonvar",4767,225,5
"kplr004859790","gDor",4767,226,4
"kplr004860458","gDor",4767,227,4
"kplr004863077","dSct",4767,228,3
"kplr004927734","nonvar",4767,229,5
"kplr004927985","dSct",4767,230,3
"kplr004931073","detached",4767,231,2
"kplr004932588","nonvar",4767,232,5
"kplr004932691","detached",4767,233,2
"kplr004937143","detached",4767,234,2
"kplr004945346","dSct",4767,235,3
"kplr004946049","nonvar",4767,236,5
"kplr004947528","contact",4767,237,1
"kplr004949187","rot",4767,238,6
"kplr004949770","contact",4767,239,1
"kplr004950985","dSct",4767,240,3
"kplr004952259","rot",4767,241,6
"kplr004952608","gDor",4767,242,4
"kplr004953372","nonvar",4767,243,5
"kplr004999357","contact",4767,244,1
"kplr005000456","gDor",4767,245,4
"kplr005006208","rot",4767,246,6
"kplr005010302","rot",4767,247,6
"kplr005019234","dSct",4767,248,3
"kplr005019263","gDor",4767,249,4
"kplr005021374","gDor",4767,250,4
"kplr005023338","dSct",4767,251,3
"kplr005036493","dSct",4767,252,3
"kplr005037710","gDor",4767,253,4
"kplr005038548","gDor",4767,254,4
"kplr005042785","dSct",4767,255,3
"kplr005042993","gDor",4767,256,4
"kplr005092684","gDor",4767,257,4
"kplr005105754","gDor",4767,258,4
"kplr005111807","nonvar",4767,259,5
"kplr005112232","nonvar",4767,260,5
"kplr005113053","detached",4767,261,2
"kplr005113557","dSct",4767,262,3
"kplr005121907","nonvar",4767,263,5
"kplr005123176","contact",4767,264,1
"kplr005176531","dSct",4767,265,3
"kplr005176912","rot",4767,266,6
"kplr005179328","rot",4767,267,6
"kplr005179602","gDor",4767,268,4
"kplr005184253","nonvar",4767,269,5
"kplr005185032","dSct",4767,270,3
"kplr005193832","nonvar",4767,271,5
"kplr005197256","contact",4767,272,1
"kplr005198934","contact",4767,273,1
"kplr005206767","dSct",4767,274,3
"kplr005209712","dSct",4767,275,3
"kplr005210153","gDor",4767,276,4
"kplr005211385","contact",4767,277,1
"kplr005263802","detached",4767,278,2
"kplr005264818","contact",4767,279,1
"kplr005271803","gDor",4767,280,4
"kplr005272524","gDor",4767,281,4
"kplr005272673","dSct",4767,282,3
"kplr005283426","nonvar",4767,283,5
"kplr005284133","detached",4767,284,2
"kplr005287619","dSct",4767,285,3
"kplr005290466","nonvar",4767,286,5
"kplr005295005","dSct",4767,287,3
"kplr005298466","dSct",4767,288,3
"kplr005300094","gDor",4767,289,4
"kplr005301101","dSct",4767,290,3
"kplr005301537","gDor",4767,291,4
"kplr005302006","dSct",4767,292,3
"kplr005304456","nonvar",4767,293,5
"kplr005304819","dSct",4767,294,3
"kplr005304900","rot",4767,295,6
"kplr005309738","nonvar",4767,296,5
"kplr005310387","contact",4767,297,1
"kplr005347580","dSct",4767,298,3
"kplr005353374","contact",4767,299,1
"kplr005354508","rot",4767,300,6
"kplr005369419","contact",4767,301,1
"kplr005370431","gDor",4767,302,4
"kplr005371109","contact",4767,303,1
"kplr005371747","gDor",4767,304,4
"kplr005372077","gDor",4767,305,4
"kplr005375317","rot",4767,306,6
"kplr005376552","contact",4767,307,1
"kplr005381448","dSct",4767,308,3
"kplr005387183","gDor",4767,309,4
"kplr005389234","dSct",4767,310,3
"kplr002579906","dSct",4767,31,3
"kplr002580101","nonvar",4767,32,5
"kplr002584749","nonvar",4767,33,5
"kplr002696217","gDor",4767,34,4
"kplr002710594","gDor",4767,35,4
"kplr002718630","dSct",4767,36,3
"kplr002720354","detached",4767,37,2
"kplr002831632","contact",4767,38,1
"kplr002835811","rot",4767,39,6
"kplr002851474","contact",4767,40,1
"kplr005389947","nonvar",4767,311,5
"kplr005390694","gDor",4767,312,4
"kplr005390878","gDor",4767,313,4
"kplr005391338","dSct",4767,314,3
"kplr005391416","dSct",4767,315,3
"kplr005392089","gDor",4767,316,4
"kplr005395139","gDor",4767,317,4
"kplr005397516","dSct",4767,318,3
"kplr005435747","rot",4767,319,6
"kplr005439790","contact",4767,320,1
"kplr005450166","gDor",4767,321,4
"kplr005450503","gDor",4767,322,4
"kplr005458880","contact",4767,323,1
"kplr005459908","dSct",4767,324,3
"kplr005460604","gDor",4767,325,4
"kplr005466537","dSct",4767,326,3
"kplr005474427","dSct",4767,327,3
"kplr005475795","gDor",4767,328,4
"kplr005476273","dSct",4767,329,3
"kplr005480988","nonvar",4767,330,5
"kplr005520878","RRLyr",4767,331,7
"kplr005530881","detached",4767,332,2
"kplr005535061","contact",4767,333,1
"kplr005541836","dSct",4767,334,3
"kplr005544450","rot",4767,335,6
"kplr005544489","nonvar",4767,336,5
"kplr005560556","dSct",4767,337,3
"kplr005560691","dSct",4767,338,3
"kplr005562224","nonvar",4767,339,5
"kplr005563024","dSct",4767,340,3
"kplr005563056","nonvar",4767,341,5
"kplr005565486","detached",4767,342,2
"kplr005565700","gDor",4767,343,4
"kplr005567438","contact",4767,344,1
"kplr005607784","rot",4767,345,6
"kplr005613879","dSct",4767,346,3
"kplr005623538","gDor",4767,347,4
"kplr005638409","dSct",4767,348,3
"kplr005641605","dSct",4767,349,3
"kplr005645788","dSct",4767,350,3
"kplr005645888","dSct",4767,351,3
"kplr005703230","contact",4767,352,1
"kplr005703294","rot",4767,353,6
"kplr005705613","nonvar",4767,354,5
"kplr005706866","gDor",4767,355,4
"kplr005706988","gDor",4767,356,4
"kplr005708550","gDor",4767,357,4
"kplr005724435","rot",4767,358,6
"kplr005724810","dSct",4767,359,3
"kplr005725312","dSct",4767,360,3
"kplr005725443","dSct",4767,361,3
"kplr005727773","dSct",4767,362,3
"kplr005733384","contact",4767,363,1
"kplr005738127","dSct",4767,364,3
"kplr005781862","nonvar",4767,365,5
"kplr005783203","dSct",4767,366,3
"kplr005788363","rot",4767,367,6
"kplr005788623","gDor",4767,368,4
"kplr005801556","gDor",4767,369,4
"kplr005807616","dSct",4765,370,3
"kplr005809868","contact",4767,371,1
"kplr005812701","detached",4767,372,2
"kplr005817566","detached",4767,373,2
"kplr005820303","rot",4767,374,6
"kplr005821050","contact",4767,375,1
"kplr005865892","rot",4767,376,6
"kplr005872733","gDor",4767,377,4
"kplr005876689","nonvar",4767,378,5
"kplr005877758","gDor",4767,379,4
"kplr005879487","nonvar",4767,380,5
"kplr005879641","gDor",4767,381,4
"kplr005880352","dSct",4767,382,3
"kplr005880770","rot",4767,383,6
"kplr005881108","dSct",4767,384,3
"kplr005887357","rot",4767,385,6
"kplr005887502","rot",4767,386,6
"kplr005887983","gDor",4767,387,4
"kplr005892969","dSct",4767,388,3
"kplr005900574","dSct",4767,389,3
"kplr005904699","dSct",4767,390,3
"kplr005904928","dSct",4767,391,3
"kplr005956305","gDor",4767,392,4
"kplr005960899","dSct",4767,393,3
"kplr005961350","detached",4767,394,2
"kplr005963556","nonvar",4767,395,5
"kplr005964173","dSct",4767,396,3
"kplr005964745","nonvar",4767,397,5
"kplr005977646","gDor",4767,398,4
"kplr005977736","contact",4767,399,1
"kplr005978295","dSct",4767,400,3
"kplr005978521","contact",4767,401,1
"kplr005980337","dSct",4767,402,3
"kplr005982378","dSct",4767,403,3
"kplr005985441","gDor",4767,404,4
"kplr005988465","contact",4767,405,1
"kplr005989856","dSct",4767,406,3
"kplr006032172","dSct",4767,407,3
"kplr006033704","rot",4767,408,6
"kplr006044459","nonvar",4767,409,5
"kplr006048255","gDor",4767,410,4
"kplr002854752","contact",4767,41,1
"kplr002854795","nonvar",4767,42,5
"kplr002972005","dSct",4767,43,3
"kplr002974815","dSct",4767,44,3
"kplr002983113","contact",4767,45,1
"kplr002983764","rot",4767,46,6
"kplr002994888","dSct",4767,47,3
"kplr002998124","detached",4767,48,2
"kplr002998561","dSct",4767,49,3
"kplr003001695","gDor",4767,50,4
"kplr006049286","nonvar",4766,411,5
"kplr006063448","detached",4767,412,2
"kplr006070714","RRLyr",4767,413,7
"kplr006072195","contact",4767,414,1
"kplr006109688","detached",4767,415,2
"kplr006126012","gDor",4767,416,4
"kplr006130500","dSct",4767,417,3
"kplr006141503","dSct",4767,418,3
"kplr006143826","contact",4767,419,1
"kplr006213665","rot",4767,420,6
"kplr006220010","dSct",4767,421,3
"kplr006220470","detached",4767,422,2
"kplr006223646","contact",4767,423,1
"kplr006224312","dSct",4767,424,3
"kplr006225898","rot",4767,425,6
"kplr006229965","gDor",4767,426,4
"kplr006279388","dSct",4767,427,3
"kplr006284047","rot",4767,428,6
"kplr006286468","gDor",4767,429,4
"kplr006288034","rot",4767,430,6
"kplr006293045","gDor",4767,431,4
"kplr006294556","dSct",4767,432,3
"kplr006301287","nonvar",4767,433,5
"kplr006302051","contact",4767,434,1
"kplr006305644","rot",4767,435,6
"kplr006308793","nonvar",4767,436,5
"kplr006314475","dSct",4767,437,3
"kplr006356627","rot",4767,438,6
"kplr006362386","detached",4767,439,2
"kplr006366617","dSct",4767,440,3
"kplr006368222","dSct",4767,441,3
"kplr006370361","contact",4767,442,1
"kplr006370665","contact",4767,443,1
"kplr006371322","gDor",4767,444,4
"kplr006380164","rot",4767,445,6
"kplr006381517","gDor",4767,446,4
"kplr006384854","dSct",4767,447,3
"kplr006385342","gDor",4767,448,4
"kplr006386784","rot",4767,449,6
"kplr006390205","contact",4767,450,1
"kplr006432054","dSct",4767,451,3
"kplr006437719","rot",4767,452,6
"kplr006443538","rot",4767,453,6
"kplr006445601","dSct",4767,454,3
"kplr006446951","dSct",4767,455,3
"kplr006447430","contact",4767,456,1
"kplr006448362","dSct",4767,457,3
"kplr006448666","gDor",4767,458,4
"kplr006449358","detached",4767,459,2
"kplr006449382","nonvar",4767,460,5
"kplr006450934","nonvar",4767,461,5
"kplr006451160","gDor",4767,462,4
"kplr006451234","nonvar",4767,463,5
"kplr006451876","dSct",4767,464,3
"kplr006462057","contact",4767,465,1
"kplr006462423","rot",4767,466,6
"kplr006464938","dSct",4767,467,3
"kplr006467826","rot",4767,468,6
"kplr006470973","dSct",4767,469,3
"kplr006511019","dSct",4767,470,3
"kplr006520572","gDor",4767,471,4
"kplr006523504","rot",4767,472,6
"kplr006525382","nonvar",4767,473,5
"kplr006527799","rot",4767,474,6
"kplr006535103","nonvar",4767,475,5
"kplr006546327","dSct",4766,476,3
"kplr006548709","dSct",4767,477,3
"kplr006593353","nonvar",4767,478,5
"kplr006600734","nonvar",4767,479,5
"kplr006605944","nonvar",4767,480,5
"kplr006606234","rot",4767,481,6
"kplr006608242","nonvar",4767,482,5
"kplr006612353","dSct",4767,483,3
"kplr006614507","nonvar",4767,484,5
"kplr006635026","dSct",4767,485,3
"kplr006635493","dSct",4767,486,3
"kplr006677225","contact",4767,487,1
"kplr006681516","gDor",4767,488,4
"kplr006691169","nonvar",4767,489,5
"kplr006691244","dSct",4767,490,3
"kplr006692340","contact",4767,491,1
"kplr006694548","rot",4767,492,6
"kplr006694649","dSct",4767,493,3
"kplr006699037","rot",4767,494,6
"kplr006705833","rot",4767,495,6
"kplr006718549","nonvar",4767,496,5
"kplr006720889","dSct",4767,497,3
"kplr006721089","dSct",4767,498,3
"kplr006763132","RRLyr",4767,499,7
"kplr006763880","nonvar",4767,500,5
"kplr006764812","gDor",4767,501,4
"kplr006766748","detached",4767,502,2
"kplr006768142","nonvar",4767,503,5
"kplr006776957","nonvar",4767,504,5
"kplr006778113","gDor",4767,505,4
"kplr006778289","detached",4767,506,2
"kplr006782360","gDor",4767,507,4
"kplr006783365","nonvar",4767,508,5
"kplr006790055","rot",4767,509,6
"kplr006790335","dSct",4767,510,3
"kplr003103576","gDor",4767,51,4
"kplr003110687","rot",4767,52,6
"kplr003118952","nonvar",4767,53,5
"kplr003123830","rot",4767,54,6
"kplr003127996","gDor",4767,55,4
"kplr003219256","dSct",4767,56,3
"kplr003221077","gDor",4767,57,4
"kplr003221207","contact",4767,58,1
"kplr003222854","gDor",4767,59,4
"kplr003230028","nonvar",4767,60,5
"kplr006794131","contact",4767,511,1
"kplr006804592","nonvar",4767,512,5
"kplr006804821","dSct",4767,513,3
"kplr006848584","nonvar",4767,514,5
"kplr006849765","nonvar",4767,515,5
"kplr006854623","dSct",4767,516,3
"kplr006859403","rot",4767,517,6
"kplr006864276","gDor",4767,518,4
"kplr006865077","dSct",4767,519,3
"kplr006869740","gDor",4767,520,4
"kplr006871789","nonvar",4767,521,5
"kplr006877609","dSct",4767,522,3
"kplr006889235","detached",4767,523,2
"kplr006935101","dSct",4767,524,3
"kplr006936115","RRLyr",4767,525,7
"kplr006937123","dSct",4767,526,3
"kplr006939291","dSct",4767,527,3
"kplr006940150","gDor",4767,528,4
"kplr006946831","gDor",4767,529,4
"kplr006946985","rot",4767,530,6
"kplr006947064","dSct",4767,531,3
"kplr006947837","nonvar",4767,532,5
"kplr006953103","gDor",4767,533,4
"kplr006965789","dSct",4767,534,3
"kplr006975466","dSct",4766,535,3
"kplr007007103","gDor",4767,536,4
"kplr007019596","nonvar",4767,537,5
"kplr007020707","dSct",4767,538,3
"kplr007021890","dSct",4767,539,3
"kplr007023122","gDor",4767,540,4
"kplr007025708","gDor",4767,541,4
"kplr007031520","nonvar",4767,542,5
"kplr007035394","gDor",4767,543,4
"kplr007037319","contact",4767,544,1
"kplr007042069","nonvar",4767,545,5
"kplr007042140","nonvar",4767,546,5
"kplr007050378","gDor",4767,547,4
"kplr007060333","contact",4767,548,1
"kplr007090563","gDor",4767,549,4
"kplr007091476","contact",4767,550,1
"kplr007100918","rot",4767,551,6
"kplr007104789","rot",4767,552,6
"kplr007106205","dSct",4767,553,3
"kplr007109598","dSct",4767,554,3
"kplr007116560","nonvar",4767,555,5
"kplr007129635","rot",4767,556,6
"kplr007131497","rot",4767,557,6
"kplr007137351","gDor",4767,558,4
"kplr007138841","rot",4767,559,6
"kplr007173726","nonvar",4767,560,5
"kplr007176080","RRLyr",4767,561,7
"kplr007211991","gDor",4767,562,4
"kplr007217483","dSct",4767,563,3
"kplr007271892","dSct",4767,564,3
"kplr007285845","gDor",4767,565,4
"kplr007287118","dSct",4767,566,3
"kplr007288297","nonvar",4767,567,5
"kplr007297189","dSct",4767,568,3
"kplr007299869","dSct",4767,569,3
"kplr007300387","dSct",4767,570,3
"kplr007301640","dSct",4767,571,3
"kplr007304385","gDor",4767,572,4
"kplr007304911","contact",4767,573,1
"kplr007346160","rot",4767,574,6
"kplr007365537","gDor",4767,575,4
"kplr007366145","contact",4767,576,1
"kplr007367559","gDor",4767,577,4
"kplr007368960","dSct",4767,578,3
"kplr007369715","nonvar",4767,579,5
"kplr007373555","contact",4767,580,1
"kplr007375612","contact",4767,581,1
"kplr007377489","gDor",4767,582,4
"kplr007380501","gDor",4767,583,4
"kplr007385073","nonvar",4767,584,5
"kplr007385783","gDor",4767,585,4
"kplr007386431","gDor",4767,586,4
"kplr007387296","contact",4767,587,1
"kplr007448050","gDor",4767,588,4
"kplr007455553","detached",4767,589,2
"kplr007455752","gDor",4767,590,4
"kplr007467518","dSct",4767,591,3
"kplr007468196","gDor",4767,592,4
"kplr007501230","contact",4767,593,1
"kplr007505345","RRLyr",4767,594,7
"kplr007506164","contact",4767,595,1
"kplr007510225","nonvar",4767,596,5
"kplr007511416","rot",4767,597,6
"kplr007516345","contact",4767,598,1
"kplr007523733","contact",4767,599,1
"kplr007538181","gDor",4767,600,4
"kplr007538950","dSct",4767,601,3
"kplr007551589","gDor",4767,602,4
"kplr007583663","gDor",4767,603,4
"kplr007585445","dSct",4767,604,3
"kplr007596741","gDor",4767,605,4
"kplr007597269","gDor",4767,606,4
"kplr007598128","detached",4767,607,2
"kplr007616919","nonvar",4767,608,5
"kplr007618364","dSct",4767,609,3
"kplr007620664","contact",4767,610,1
"kplr003240316","gDor",4767,61,4
"kplr003240967","gDor",4767,62,4
"kplr003245451","nonvar",4767,63,5
"kplr003246460","rot",4767,64,6
"kplr003247039","dSct",4767,65,3
"kplr003248332","detached",4767,66,2
"kplr003323168","dSct",4767,67,3
"kplr003327980","detached",4767,68,2
"kplr003331147","gDor",4767,69,4
"kplr003339175","gDor",4767,70,4
"kplr007624753","dSct",4767,611,3
"kplr007630690","contact",4767,612,1
"kplr007661054","gDor",4767,613,4
"kplr007671028","rot",4767,614,6
"kplr007671081","RRLyr",4767,615,7
"kplr007672492","gDor",4767,616,4
"kplr007676610","contact",4767,617,1
"kplr007677005","detached",4767,618,2
"kplr007680591","nonvar",4766,619,5
"kplr007684873","detached",4767,620,2
"kplr007686918","contact",4767,621,1
"kplr007691618","gDor",4767,622,4
"kplr007699056","dSct",4767,623,3
"kplr007699478","gDor",4767,624,4
"kplr007700963","dSct",4767,625,3
"kplr007701947","gDor",4767,626,4
"kplr007733685","dSct",4767,627,3
"kplr007742534","RRLyr",4767,628,7
"kplr007742739","gDor",4767,629,4
"kplr007743788","rot",4767,630,6
"kplr007748113","contact",4767,631,1
"kplr007751691","rot",4767,632,6
"kplr007756853","dSct",4767,633,3
"kplr007757478","gDor",4767,634,4
"kplr007765585","dSct",4767,635,3
"kplr007765894","contact",4767,636,1
"kplr007767690","dSct",4767,637,3
"kplr007777435","dSct",4766,638,3
"kplr007810089","rot",4767,639,6
"kplr007815609","gDor",4767,640,4
"kplr007818959","nonvar",4767,641,5
"kplr007830460","contact",4767,642,1
"kplr007830684","dSct",4767,643,3
"kplr007833339","nonvar",4767,644,5
"kplr007834979","gDor",4767,645,4
"kplr007839003","gDor",4767,646,4
"kplr007839027","contact",4767,647,1
"kplr007841434","dSct",4767,648,3
"kplr007842286","dSct",4767,649,3
"kplr007842621","dSct",4767,650,3
"kplr007878396","dSct",4767,651,3
"kplr007884842","contact",4767,652,1
"kplr007889855","gDor",4767,653,4
"kplr007901718","dSct",4767,654,3
"kplr007911190","rot",4767,655,6
"kplr007915386","dSct",4767,656,3
"kplr007917014","dSct",4766,657,3
"kplr007917485","dSct",4767,658,3
"kplr007937475","gDor",4767,659,4
"kplr007943535","detached",4767,660,2
"kplr007947730","rot",4767,661,6
"kplr007950962","contact",4767,662,1
"kplr007954796","nonvar",4767,663,5
"kplr007968880","contact",4767,664,1
"kplr007968915","rot",4767,665,6
"kplr007977163","gDor",4767,666,4
"kplr008004558","dSct",4767,667,3
"kplr008019043","detached",4767,668,2
"kplr008024463","nonvar",4767,669,5
"kplr008025357","dSct",4765,670,3
"kplr008036432","nonvar",4767,671,5
"kplr008038609","dSct",4767,672,3
"kplr008039225","contact",4767,673,1
"kplr008045121","contact",4767,674,1
"kplr008046934","dSct",4767,675,3
"kplr008051642","nonvar",4767,676,5
"kplr008052164","nonvar",4767,677,5
"kplr008056638","nonvar",4767,678,5
"kplr008095321","rot",4767,679,6
"kplr008098300","detached",4767,680,2
"kplr008103917","dSct",4767,681,3
"kplr008110260","nonvar",4767,682,5
"kplr008112013","detached",4767,683,2
"kplr008120184","dSct",4767,684,3
"kplr008121586","dSct",4767,685,3
"kplr008122124","contact",4767,686,1
"kplr008123197","dSct",4767,687,3
"kplr008125229","gDor",4767,688,4
"kplr008125339","gDor",4767,689,4
"kplr008127495","gDor",4767,690,4
"kplr008149341","dSct",4767,691,3
"kplr008151014","rot",4767,692,6
"kplr008155291","dSct",4766,693,3
"kplr008155822","rot",4767,694,6
"kplr008164737","gDor",4767,695,4
"kplr008174306","dSct",4767,696,3
"kplr008177958","contact",4767,697,1
"kplr008180361","gDor",4767,698,4
"kplr008189196","contact",4767,699,1
"kplr008193315","detached",4767,700,2
"kplr008196006","dSct",4767,701,3
"kplr008196180","detached",4767,702,2
"kplr008196181","gDor",4767,703,4
"kplr008196903","dSct",4767,704,3
"kplr008197406","contact",4767,705,1
"kplr008197653","dSct",4767,706,3
"kplr008231231","contact",4767,707,1
"kplr008231525","gDor",4767,708,4
"kplr008240902","gDor",4767,709,4
"kplr008243263","detached",4767,710,2
"kplr003340161","rot",4767,71,6
"kplr003343854","gDor",4767,72,4
"kplr003345665","gDor",4767,73,4
"kplr003346195","dSct",4767,74,3
"kplr003347643","dSct",4767,75,3
"kplr003347798","rot",4767,76,6
"kplr003348714","gDor",4767,77,4
"kplr003352751","detached",4767,78,2
"kplr003425802","dSct",4767,79,3
"kplr003426991","dSct",4767,80,3
"kplr008243371","nonvar",4767,711,5
"kplr008245366","dSct",4767,712,3
"kplr008247608","gDor",4767,713,4
"kplr008248630","dSct",4767,714,3
"kplr008256621","dSct",4767,715,3
"kplr008257115","dSct",4767,716,3
"kplr008260967","rot",4767,717,6
"kplr008263821","nonvar",4767,718,5
"kplr008263940","contact",4767,719,1
"kplr008263970","gDor",4767,720,4
"kplr008264061","gDor",4767,721,4
"kplr008264534","contact",4767,722,1
"kplr008264565","gDor",4767,723,4
"kplr008264706","gDor",4767,724,4
"kplr008264824","dSct",4767,725,3
"kplr008265014","rot",4767,726,6
"kplr008265951","contact",4767,727,1
"kplr008289358","nonvar",4767,728,5
"kplr008291886","nonvar",4767,729,5
"kplr008292150","dSct",4767,730,3
"kplr008301013","detached",4767,731,2
"kplr008310243","dSct",4767,732,3
"kplr008311304","dSct",4767,733,3
"kplr008314525","dSct",4767,734,3
"kplr008316105","gDor",4767,735,4
"kplr008316195","dSct",4767,736,3
"kplr008321604","dSct",4767,737,3
"kplr008321903","gDor",4767,738,4
"kplr008322243","dSct",4767,739,3
"kplr008329629","dSct",4767,740,3
"kplr008330056","gDor",4767,741,4
"kplr008330092","contact",4767,742,1
"kplr008330222","gDor",4767,743,4
"kplr008331919","dSct",4767,744,3
"kplr008344381","RRLyr",4767,745,7
"kplr008352420","dSct",4767,746,3
"kplr008359671","dSct",4767,747,3
"kplr008364249","gDor",4767,748,4
"kplr008365118","rot",4767,749,6
"kplr008375138","gDor",4767,750,4
"kplr008376471","dSct",4766,751,3
"kplr008380389","dSct",4767,752,3
"kplr008382182","contact",4767,753,1
"kplr008382539","gDor",4767,754,4
"kplr008386865","contact",4767,755,1
"kplr008393999","rot",4767,756,6
"kplr008395203","dSct",4767,757,3
"kplr008397460","contact",4767,758,1
"kplr008410378","nonvar",4767,759,5
"kplr008420644","dSct",4767,760,3
"kplr008422756","gDor",4767,761,4
"kplr008427883","rot",4767,762,6
"kplr008429409","rot",4767,763,6
"kplr008429756","dSct",4767,764,3
"kplr008430210","contact",4767,765,1
"kplr008444802","dSct",4767,766,3
"kplr008450600","dSct",4767,767,3
"kplr008455436","nonvar",4767,768,5
"kplr008456728","dSct",4767,769,3
"kplr008457452","gDor",4767,770,4
"kplr008459354","dSct",4767,771,3
"kplr008488077","nonvar",4767,772,5
"kplr008488876","detached",4767,773,2
"kplr008489323","rot",4767,774,6
"kplr008491816","dSct",4767,775,3
"kplr008494783","rot",4767,776,6
"kplr008496820","contact",4767,777,1
"kplr008499639","dSct",4767,778,3
"kplr008504570","detached",4767,779,2
"kplr008506766","detached",4767,780,2
"kplr008510534","dSct",4767,781,3
"kplr008520436","dSct",4765,782,3
"kplr008523194","contact",4767,783,1
"kplr008525691","gDor",4767,784,4
"kplr008525805","gDor",4767,785,4
"kplr008526451","dSct",4767,786,3
"kplr008539720","contact",4767,787,1
"kplr008539850","contact",4767,788,1
"kplr008545456","contact",4767,789,1
"kplr008553907","detached",4767,790,2
"kplr008554005","contact",4767,791,1
"kplr008556233","dSct",4767,792,3
"kplr008559796","gDor",4767,793,4
"kplr008560861","detached",4767,794,2
"kplr008560867","dSct",4767,795,3
"kplr008565229","dSct",4767,796,3
"kplr008565831","nonvar",4767,797,5
"kplr008569819","detached",4767,798,2
"kplr008572324","dSct",4767,799,3
"kplr008573774","dSct",4767,800,3
"kplr008574652","dSct",4767,801,3
"kplr008580028","dSct",4767,802,3
"kplr008585135","rot",4767,803,6
"kplr008590553","dSct",4767,804,3
"kplr008611496","nonvar",4767,805,5
"kplr008621026","detached",4767,806,2
"kplr008626126","nonvar",4767,807,5
"kplr008630254","dSct",4767,808,3
"kplr008630712","gDor",4767,809,4
"kplr008640132","dSct",4767,810,3
"kplr003429637","dSct",4767,81,3
"kplr003431321","contact",4767,82,1
"kplr003437940","dSct",4767,83,3
"kplr003439031","detached",4767,84,2
"kplr003441414","gDor",4767,85,4
"kplr003443221","gDor",4767,86,4
"kplr003445468","gDor",4767,87,4
"kplr003448365","gDor",4767,88,4
"kplr003449357","nonvar",4767,89,5
"kplr003529242","dSct",4767,90,3
"kplr008646235","dSct",4765,811,3
"kplr008648866","dSct",4767,812,3
"kplr008651452","gDor",4767,813,4
"kplr008654097","contact",4767,814,1
"kplr008655712","dSct",4767,815,3
"kplr008671972","rot",4767,816,6
"kplr008685306","contact",4767,817,1
"kplr008693972","gDor",4767,818,4
"kplr008700506","detached",4767,819,2
"kplr008711548","detached",4767,820,2
"kplr008712174","gDor",4767,821,4
"kplr008717065","dSct",4767,822,3
"kplr008719419","gDor",4767,823,4
"kplr008739366","rot",4767,824,6
"kplr008750446","dSct",4767,825,3
"kplr008752068","nonvar",4767,826,5
"kplr008761309","dSct",4767,827,3
"kplr008772391","dSct",4767,828,3
"kplr008773961","dSct",4767,829,3
"kplr008777609","dSct",4767,830,3
"kplr008782561","dSct",4767,831,3
"kplr008782821","gDor",4767,832,4
"kplr008801343","detached",4767,833,2
"kplr008818205","rot",4767,834,6
"kplr008823868","detached",4767,835,2
"kplr008827407","dSct",4767,836,3
"kplr008827821","dSct",4767,837,3
"kplr008831687","rot",4767,838,6
"kplr008832417","RRLyr",4767,839,7
"kplr008869892","dSct",4767,840,3
"kplr008870902","nonvar",4767,841,5
"kplr008878681","detached",4767,842,2
"kplr008879349","nonvar",4767,843,5
"kplr008881697","dSct",4767,844,3
"kplr008890192","gDor",4767,845,4
"kplr008894630","contact",4767,846,1
"kplr008906294","dSct",4767,847,3
"kplr008907618","dSct",4767,848,3
"kplr008912730","dSct",4767,849,3
"kplr008912911","contact",4767,850,1
"kplr008913401","nonvar",4767,851,5
"kplr008956850","dSct",4766,852,3
"kplr008958670","contact",4767,853,1
"kplr008959745","dSct",4767,854,3
"kplr008962064","nonvar",4767,855,5
"kplr008964755","dSct",4767,856,3
"kplr008973529","gDor",4767,857,4
"kplr008975644","dSct",4767,858,3
"kplr008976187","dSct",4767,859,3
"kplr008977390","contact",4767,860,1
"kplr009001926","RRLyr",4767,861,7
"kplr009002076","contact",4767,862,1
"kplr009006945","rot",4767,863,6
"kplr009008969","nonvar",4767,864,5
"kplr009017929","dSct",4767,865,3
"kplr009020157","gDor",4767,866,4
"kplr009020199","dSct",4767,867,3
"kplr009027328","gDor",4767,868,4
"kplr009030817","contact",4767,869,1
"kplr009031731","gDor",4767,870,4
"kplr009048145","detached",4767,871,2
"kplr009050337","dSct",4767,872,3
"kplr009051716","contact",4767,873,1
"kplr009052883","rot",4767,874,6
"kplr009054553","dSct",4767,875,3
"kplr009073007","dSct",4767,876,3
"kplr009087034","rot",4767,877,6
"kplr009092303","contact",4767,878,1
"kplr009092897","dSct",4767,879,3
"kplr009095152","gDor",4767,880,4
"kplr009095849","rot",4767,881,6
"kplr009097070","nonvar",4767,882,5
"kplr009098129","gDor",4767,883,4
"kplr009108579","contact",4767,884,1
"kplr009108615","dSct",4767,885,3
"kplr009118716","dSct",4767,886,3
"kplr009137447","dSct",4767,887,3
"kplr009138872","dSct",4767,888,3
"kplr009150012","gDor",4767,889,4
"kplr009152994","gDor",4767,890,4
"kplr009172981","dSct",4767,891,3
"kplr009178502","dSct",4767,892,3
"kplr009182355","rot",4767,893,6
"kplr009201644","dSct",4767,894,3
"kplr009207344","dSct",4767,895,3
"kplr009210037","dSct",4767,896,3
"kplr009217077","nonvar",4767,897,5
"kplr009220292","nonvar",4767,898,5
"kplr009226081","dSct",4767,899,3
"kplr009226540","gDor",4767,900,4
"kplr009227619","rot",4767,901,6
"kplr009229342","dSct",4763,902,3
"kplr009236858","detached",4767,903,2
"kplr009239211","dSct",4767,904,3
"kplr009265050","dSct",4767,905,3
"kplr009267042","dSct",4767,906,3
"kplr009272082","nonvar",4767,907,5
"kplr009278021","detached",4767,908,2
"kplr009288175","contact",4767,909,1
"kplr009288444","dSct",4767,910,3
"kplr003533854","gDor",4767,91,4
"kplr003539153","gDor",4767,92,4
"kplr003542167","nonvar",4767,93,5
"kplr003542566","dSct",4767,94,3
"kplr003554211","rot",4767,95,6
"kplr003558145","dSct",4767,96,3
"kplr003559933","gDor",4767,97,4
"kplr003561257","nonvar",4767,98,5
"kplr003626325","gDor",4767,99,4
"kplr003648936","gDor",4767,100,4
"kplr009304409","dSct",4767,911,3
"kplr009304923","dSct",4767,912,3
"kplr009324334","dSct",4767,913,3
"kplr009331207","dSct",4767,914,3
"kplr009344623","detached",4767,915,2
"kplr009350686","gDor",4767,916,4
"kplr009350889","contact",4767,917,1
"kplr009352097","nonvar",4767,918,5
"kplr009353234","contact",4767,919,1
"kplr009365025","contact",4767,920,1
"kplr009367382","dSct",4767,921,3
"kplr009392682","contact",4767,922,1
"kplr009395246","dSct",4767,923,3
"kplr009397900","nonvar",4767,924,5
"kplr009402791","rot",4767,925,6
"kplr009407745","gDor",4767,926,4
"kplr009415300","dSct",4767,927,3
"kplr009418619","detached",4767,928,2
"kplr009419694","gDor",4767,929,4
"kplr009426071","detached",4767,930,2
"kplr009453114","RRLyr",4767,931,7
"kplr009453192","contact",4767,932,1
"kplr009456389","gDor",4767,933,4
"kplr009469599","gDor",4767,934,4
"kplr009473000","dSct",4767,935,3
"kplr009480977","contact",4767,936,1
"kplr009488426","dSct",4767,937,3
"kplr009489590","dSct",4767,938,3
"kplr009508655","RRLyr",4767,939,7
"kplr009530273","nonvar",4767,940,5
"kplr009532445","nonvar",4767,941,5
"kplr009532644","dSct",4767,942,3
"kplr009533483","gDor",4767,943,4
"kplr009549513","gDor",4767,944,4
"kplr009552608","detached",4767,945,2
"kplr009578617","nonvar",4767,946,5
"kplr009578833","RRLyr",4767,947,7
"kplr009579192","detached",4767,948,2
"kplr009580881","rot",4767,949,6
"kplr009590381","rot",4767,950,6
"kplr009591519","dSct",4767,951,3
"kplr009594477","nonvar",4767,952,5
"kplr009597676","nonvar",4767,953,5
"kplr009598151","nonvar",4767,954,5
"kplr009602542","contact",4767,955,1
"kplr009612468","contact",4767,956,1
"kplr009613053","nonvar",4767,957,5
"kplr009635529","detached",4767,958,2
"kplr009636283","dSct",4767,959,3
"kplr009636432","nonvar",4767,960,5
"kplr009637239","contact",4767,961,1
"kplr009642894","dSct",4767,962,3
"kplr009650501","dSct",4767,963,3
"kplr009651065","dSct",4767,964,3
"kplr009651298","contact",4767,965,1
"kplr009651658","gDor",4767,966,4
"kplr009654789","gDor",4767,967,4
"kplr009654881","rot",4767,968,6
"kplr009655114","dSct",4767,969,3
"kplr009655177","dSct",4767,970,3
"kplr009655187","contact",4767,971,1
"kplr009655288","dSct",4767,972,3
"kplr009655399","gDor",4767,973,4
"kplr009655402","dSct",4767,974,3
"kplr009655433","dSct",4767,975,3
"kplr009655444","dSct",4767,976,3
"kplr009655461","nonvar",4767,977,5
"kplr009655800","gDor",4767,978,4
"kplr009655909","dSct",4767,979,3
"kplr009657096","contact",4767,980,1
"kplr009692600","rot",4767,981,6
"kplr009697513","nonvar",4766,982,5
"kplr009697825","RRLyr",4767,983,7
"kplr009701543","nonvar",4766,984,5
"kplr009711751","detached",4767,985,2
"kplr009716456","contact",4767,986,1
"kplr009716667","dSct",4767,987,3
"kplr009722737","contact",4767,988,1
"kplr009724080","contact",4767,989,1
"kplr009725155","contact",4767,990,1
"kplr009725543","dSct",4767,991,3
"kplr009726084","gDor",4767,992,4
"kplr009727112","nonvar",4767,993,5
"kplr009753154","rot",4767,994,6
"kplr009758615","dSct",4767,995,3
"kplr009760531","contact",4767,996,1
"kplr009762713","dSct",4767,997,3
"kplr009764477","rot",4767,998,6
"kplr009774314","dSct",4767,999,3
"kplr009776474","dSct",4767,1000,3
